n,modo,conteo,tiempo_s,cpu_s,repeticiones
1,printf,,0.000000200,0.000000,5
10,printf,,0.000016000,0.000000,5
100,printf,,0.000436100,0.000000,5
1000,printf,,0.043870400,0.046875,5
10000,printf,,4.368568000,4.359375,1
100000,printf,,431.962747600,430.296875,1
1,contador,0,0.000000100,0.000000,5
10,contador,9,0.000000100,0.000000,5
100,contador,825,0.000001200,0.000000,5
1000,contador,83250,0.000104700,0.000000,5
10000,contador,8332500,0.010301400,0.015625,5
100000,contador,833325000,1.051567600,1.062500,1
1000000,contador,83333250000,104.998105700,104.609375,1
